ID,First Name,Last Name,Address 1,Address 2,Country,State,Zip Code,Email,Phone,Created date
6,Kim,Lisa,7890 28Street SW,,Canada,Alberta,A3K8B9,lisa.kim@hotmail.com,5874097865,2017-04-21 10:46:18
7,Leo,Lin,890 56 Street SE,,Canada,Alberta,N5B7U4,lin.leo@gamil.com,4037890899,2017-04-21 10:50:10
8,Chen,Guo,"2309, 89th Avenue NE",912 19Ave SW,Canada,Alberta,D3K8N3,guo.chen@qq.com,40329836758,2017-04-21 15:45:58
18,White,July,"122, 7St NW",,Canada,Alberta,A4Z3T2,,40312298,2017-04-21 15:58:23
19,Brown,Kirket,"12, 23t NW",,Canada,Alberta,A5V3T2,,40326998,2017-04-21 16:16:06
20,Same,Chrow,"24, 67t NW",,Canada,Alberta,C5Y3K2,chrow.same@gamil.com,51726998,2017-04-21 18:01:58
22,White,Brow,78ave ,#67 Street,Canada,Alberta,t3k8b9,bw98@gmail.com,58767876,2017-09-28 14:58:20
23,White,Brow,78ave ,#67 Street,Canada,Alberta,t3k8b9,bw98@gmail.com,58767876,2017-09-28 17:15:00
25,White,Brow,78ave ,#67 Street,Canada,Alberta,t3k8b9,bw98@gmail.com,58767876,2017-09-28 17:20:11
26,White,Brow,78ave ,#67 Street,Canada,Alberta,t3k8b9,bw98@gmail.com,58767876,2017-09-28 17:20:34
30,White,Brow,78ave ,#67 Street,Canada,Alberta,t3k8b9,bw98@gmail.com,58767876,2017-09-28 17:45:27
31,White,Brow,78ave ,#67 Street,Canada,Alberta,t3k8b9,bw98@gmail.com,58767876,2017-09-28 17:50:32
32,Fdf,Brow,78ave ,#67 Street,Canada,Alberta,t3k8b9,bw98@gmail.com,58767876,2017-09-28 17:52:07
33,Fdf,Sdffg,78ave ,#67 Street,Canada,Alberta,t3k8b9,bw98@gmail.com,58767876,2017-09-28 17:53:07
34,Fdf,Kl,78ave ,#67 Street,Canada,Alberta,t3k8b9,srikanth@gma.con,58767876,2017-09-28 17:54:50
35,Fdf,Sdffg,78ave ,#67 Street,Canada,Alberta,t3k8b9,srikanth@gmail.com,2343434,2017-09-28 17:56:34
36,Fdf,Sdffg,ssssssssssssssss,,Canada,Alberta,t3k8b9,srikanth@gma.con,2343434,2017-09-28 17:57:47
37,Fdf,Sdffg,ssssssssssssssss,,Canada,Alberta,dasfsd,srikanth@gma.con,2343434,2017-09-28 18:02:29
39,Fdf,Sdffg,ssssssssssssssss,,Canada,Alberta,dasfsd,srikanth@gma.con,2343434,2017-09-28 18:04:33
40,Fdf,Sdffg,ssssssssssssssss,,Canada,Alberta,dasfsd,srikanth@gma.con,2343434,2017-09-28 18:18:48
41,Fdf,Sdffg,ssssssssssssssss,,Canada,Alberta,dasfsd,srikanth@gma.con,2343434,2017-09-29 09:30:18
42,White,Brow2,78ave ,#67 Street,Canada,Alberta,t3k8b9,bw98@gmail.com,58767876,2017-10-03 23:18:08
43,White,Brow3,78ave ,#67 Street,Canada,Alberta,t3k8b9,bw98@gmail.com,58767876,2017-10-03 23:20:23
44,White,Brow4,78ave ,#67 Street,Canada,Alberta,t3k8b9,bw98@gmail.com,58767876,2017-10-03 23:21:32
45,White,Brow5,78ave ,#67 Street,Canada,Alberta,t3k8b9,bw98@gmail.com,58767876,2017-10-03 23:22:10
46,White,Brow6,78ave ,#67 Street,Canada,Alberta,t3k8b9,bw98@gmail.com,58767876,2017-10-03 23:24:15
47,White,Brow7,78ave ,#67 Street,Canada,Alberta,t3k8b9,bw98@gmail.com,58767876,2017-10-03 23:26:34
48,White,Brow8,78ave ,#67 Street,Canada,Alberta,t3k8b9,bw98@gmail.com,58767876,2017-10-03 23:27:20
49,White,Brow9,78ave ,#67 Street,Canada,Alberta,t3k8b9,bw98@gmail.com,58767876,2017-10-03 23:28:28
50,White,Brow9,78ave ,#67 Street,Canada,Alberta,t3k8b9,bw98@gmail.com,58767876,2017-10-03 23:34:52
51,White,Brow10,78ave ,#67 Street,Canada,Alberta,t3k8b9,bw98@gmail.com,58767876,2017-10-03 23:36:03
52,White,Brow11,78ave ,#67 Street,Canada,Alberta,t3k8b9,bw98@gmail.com,58767876,2017-10-03 23:38:57
53,White,Brow12,78ave ,#67 Street,Canada,Alberta,t3k8b9,bw98@gmail.com,58767876,2017-10-03 23:44:16
54,White,Brow14,78ave ,#67 Street,Canada,Alberta,t3k8b9,bw98@gmail.com,58767876,2017-10-04 00:22:15
55,White,Brow15,78ave ,#67 Street,Canada,Alberta,t3k8b9,bw98@gmail.com,58767876,2017-10-04 00:26:01
56,White,Brow16,78ave ,#67 Street,Canada,Alberta,t3k8b9,bw98@gmail.com,58767876,2017-10-04 00:29:06
57,White,Brow16,78ave ,#67 Street,Canada,Alberta,t3k8b9,bw98@gmail.com,58767876,2017-10-04 00:35:28
58,White,Brow16,78ave ,#67 Street,Canada,Alberta,t3k8b9,bw98@gmail.com,58767876,2017-10-04 00:36:04
59,White,Brow17,78ave ,#67 Street,Canada,Alberta,t3k8b9,bw98@gmail.com,58767876,2017-10-04 00:41:41
60,White,Brow17,78ave ,#67 Street,Canada,Alberta,t3k8b9,bw98@gmail.com,58767876,2017-10-04 00:44:29
61,White,Brow18,78ave ,#67 Street,Canada,Alberta,t3k8b9,bw98@gmail.com,58767876,2017-10-04 00:48:14
62,White,Brow18,78ave ,#67 Street,Canada,Alberta,t3k8b9,bw98@gmail.com,58767876,2017-10-04 00:56:10
63,White,Brow18,78ave ,#67 Street,Canada,Alberta,t3k8b9,bw98@gmail.com,58767876,2017-10-04 00:56:22
64,White,Brow18,78ave ,#67 Street,Canada,Alberta,t3k8b9,bw98@gmail.com,58767876,2017-10-04 00:58:02
65,White,Brow18,78ave ,#67 Street,Canada,Alberta,t3k8b9,bw98@gmail.com,58767876,2017-10-04 00:58:20
66,White,Brow18,78ave ,#67 Street,Canada,Alberta,t3k8b9,bw98@gmail.com,58767876,2017-10-04 14:09:24
68,White,Brow18,78ave ,#67 Street,Canada,Alberta,t3k8b9,bw98@gmail.com,58767876,2017-10-04 14:45:26
69,White,Brow18,78ave ,#67 Street,Canada,Alberta,t3k8b9,bw98@gmail.com,58767876,2017-10-04 14:46:32
70,White,Brow18,78ave ,#67 Street,Canada,Alberta,t3k8b9,bw98@gmail.com,asdasd,2017-10-04 14:47:10
74,Adf,Sada,sas ,asdfsd,Canada,Alberta,adfa,bw98@gma.co,asdasd,2017-10-04 14:57:55
76,Adf,Sada,sas ,asdfsd,Canada,Alberta,adfa,bw98@gma.co,asdasd,2017-10-04 15:01:16
77,Adf,Sada,sas ,asdfsd,Canada,Alberta,adfa,bw98@gma.co,asdasd,2017-10-04 15:02:35
79,Adf,Sada,sas ,asdfsd,Canada,Alberta,adfa,bw98@gma.co,asdasd,2017-10-04 15:04:41
80,Adf,Sada,sas ,asdfsd,Canada,Alberta,adfa,bw98@gma.co,asdasd,2017-10-04 15:06:03
81,Adf,Sada,sas ,asdfsd,Canada,Alberta,adfa,bw98@gma.co,asdasd,2017-10-04 15:06:46
82,Adf,Sada,sas ,asdfsd,Canada,Alberta,adfa,bw98@gma.co,asdasd,2017-10-04 15:07:55
83,Fdf,Sdffg,sas ,asdfsd,Canada,Alberta,adfa,srikanth@gma.con,asdasd,2017-10-04 15:08:42
84,Tt6,Tyy,sas ,asdfsd,Canada,Alberta,adfa,srikanth@gma.con,755556,2017-10-04 15:09:31
85,Fdf,Sdffg,ssssssssssssssss,trt,Canada,Alberta,adfa,srikanth@gma.con,4387654343,2017-10-04 15:10:56
86,Fdf,Sdffg,rrrr,,Canada,Alberta,rrr,srikanth@gma.con,4387654343,2017-10-04 15:11:54
87,White,Brow18,78ave ,#67 Street,Canada,Alberta,t3k8b9,bw98@gmail.com,58767876,2017-10-20 14:16:03
90,White,Brow18,78ave ,#67 Street,Canada,Alberta,t3k8b9,bw98@gmail.com,58767876,2017-10-20 14:17:02
93,Adf,Sada,sas ,asdfsd,Canada,Alberta,adfa,bw98@gma.co,asdasd,2017-10-20 14:24:28
97,Adf,Sada,sas ,asdfsd,Canada,Alberta,adfa,bw98@gma.co,asdasd,2017-10-20 14:29:59
101,White,On-Demand,ECVictor ,"630 Sherbrooke St W #920, Montreal,",Canada,Quebec,H3A 1E4,bw98@gmail.com,58767876,2017-10-20 14:59:54
103,White,On-Demand,ECVictor ,"630 Sherbrooke St W #920, Montreal,",Canada,Quebec,H3A 1E4,bw98@gmail.com,58767876,2017-10-20 15:01:59
107,White,On-Demand,ECVictor ,"630 Sherbrooke St W #920, Montreal,",Canada,Quebec,H3A 1E4,bw98@gmail.com,58767876,2017-10-20 15:08:59
110,White,On-Demand,ECVictor ,"630 Sherbrooke St W #920, Montreal,",Canada,Quebec,H3A 1E4,bw98@gmail.com,58767876,2017-10-20 15:09:19
123,Fdf,On-Demand,ECVictor ,"630 Sherbrooke St W #920, Montreal,",Canada,Quebec,H3A 1E4,srikanth.748@gmail.com,58767876,2017-10-20 16:56:21
124,Fdf,On-Demand,ECVictor ,"630 Sherbrooke St W #920, Montreal,",Canada,Quebec,H3A 1E4,srikanth.748@gmail.com,58767876,2017-10-20 17:03:19
125,Fdf,On-Demand,ECVictor ,"630 Sherbrooke St W #920, Montreal,",Canada,Quebec,H3A 1E4,srikanth.748@gmail.com,58767876,2017-10-20 17:05:52
126,Fdf,On-Demand,ECVictor ,"630 Sherbrooke St W #920, Montreal,",Canada,Quebec,H3A 1E4,srikanth.748@gmail.com,58767876,2017-10-20 17:07:17
127,Fdf,On-Demand,ECVictor ,"630 Sherbrooke St W #920, Montreal,",Canada,Quebec,H3A 1E4,srikanth.748@gmail.com,58767876,2017-10-20 17:08:42
128,Fdf,On-Demand,ECVictor ,"630 Sherbrooke St W #920, Montreal,",Canada,Quebec,H3A 1E4,srikanth@gma.con,58767876,2017-10-20 17:55:43
129,Fdf,On-Demand,ECVictor ,"630 Sherbrooke St W #920, Montreal,",Canada,Quebec,H3A 1E4,srikanth.748@gmail.com,58767876,2017-10-20 17:56:21
130,Fdf,On-Demand,ECVictor ,"630 Sherbrooke St W #920, Montreal,",Canada,Quebec,H3A 1E4,srikanth.748@gmail.com,58767876,2017-10-20 18:20:54
134,Fdf,On-Demand,ECVictor ,"630 Sherbrooke St W #920, Montreal,",Canada,Quebec,H3A 1E4,srikanth.748@gmail.com,58767876,2017-10-20 18:26:46
135,Fdf,On-Demand,ECVictor ,"630 Sherbrooke St W #920, Montreal,",Canada,Quebec,H3A 1E4,srikanth.748@gmail.com,58767876,2017-10-20 18:40:46
136,Fdf,On-Demand,ECVictor ,"630 Sherbrooke St W #920, Montreal,",Canada,Quebec,H3A 1E4,srikanth.748@gmail.com,58767876,2017-10-20 18:47:06
137,Fdf,On-Demand,ECVictor ,"630 Sherbrooke St W #920, Montreal,",Canada,Quebec,H3A 1E4,srikanth.748@gmail.com,58767876,2017-10-20 19:14:55
138,Fdf,On-Demand,ECVictor ,"630 Sherbrooke St W #920, Montreal,",Canada,Quebec,H3A 1E4,srikanth.748@gmail.com,58767876,2017-10-20 19:16:06
139,Fdf,On-Demand,ECVictor ,"630 Sherbrooke St W #920, Montreal,",Canada,Quebec,H3A 1E4,srikanth.748@gmail.com,58767876,2017-10-20 19:17:47
140,Srikanth,On-Demand,ECVictor ,"630 Sherbrooke St W #920, Montreal,",Canada,Quebec,H3A 1E4,srikanth.748@gmail.com,58767876,2017-10-21 15:53:58
141,Srikanth,On-Demand,ECVictor ,"630 Sherbrooke St W #920, Montreal,",Canada,Quebec,H3A 1E4,srikanth.748@gmail.com,58767876,2017-10-21 15:55:55
142,Srikanth,On-Demand,ECVictor ,"630 Sherbrooke St W #920, Montreal,",Canada,Quebec,H3A 1E4,srikanth.748@gmail.com,58767876,2017-10-21 16:02:55
143,Srikanth,On-Demand,ECVictor ,"630 Sherbrooke St W #920, Montreal,",Canada,Quebec,H3A 1E4,srikanth.748@gmail.com,58767876,2017-10-21 16:12:47
144,Srikanth,On-Demand,ECVictor ,"630 Sherbrooke St W #920, Montreal,",Canada,Quebec,H3A 1E4,srikanth.748@gmail.com,58767876,2017-10-21 16:20:26
145,Srikanth,On-Demand,ECVictor ,"630 Sherbrooke St W #920, Montreal,",Canada,Quebec,H3A 1E4,srikanth.748@gmail.com,58767876,2017-10-21 16:24:19
146,Kanth,On-Demand,ECVictor ,"630 Sherbrooke St W #920, Montreal,",Canada,Quebec,H3A 1E4,srikanth.748@gmail.com,58767876,2017-10-21 16:28:07
147,Srikanth,On-Demand,ECVictor ,"630 Sherbrooke St W #920, Montreal,",Canada,Quebec,H3A 1E4,srikanth.748@gmail.com,58767876,2017-10-21 16:29:41
148,Srikanth,On-Demand,ECVictor ,"630 Sherbrooke St W #920, Montreal,",Canada,Quebec,H3A 1E4,srikanth.748@gmail.com,58767876,2017-10-21 16:35:41
149,Kanth,On-Demand,ECVictor ,"630 Sherbrooke St W #920, Montreal,",Canada,Quebec,H3A 1E4,skanreddy4@gmail.com,58767876,2017-10-21 16:37:02
150,Kanth,On-Demand,ECVictor ,"630 Sherbrooke St W #920, Montreal,",Canada,Quebec,H3A 1E4,srikanth.748@gmail.com,58767876,2017-10-21 16:37:21
151,Srikanth,On-Demand,ECVictor ,"630 Sherbrooke St W #920, Montreal,",Canada,Quebec,H3A 1E4,srikanth.748@gmail.com,58767876,2017-10-21 16:40:32
152,Srikanth,On-Demand,ECVictor ,"630 Sherbrooke St W #920, Montreal,",Canada,Quebec,H3A 1E4,srikanth.748@gmail.com,58767876,2017-10-21 16:41:10
153,Ke,Li,78ave ,#67 Street,Canada,Alberta,t3k8b9,liko@gmail.com,58767876,2017-10-21 16:55:43
154,White,Brow18,78ave ,#67 Street,Canada,Alberta,t3k8b9,bw98@gmail.com,58767876,2017-10-21 16:59:06
155,Kee,Lia,78ave ,#67 Street,Canada,Alberta,t3k8b9,laikoe@gmail.com,58767876,2017-10-21 17:12:51
156,Keel,Liae,78ave ,#67 Street,Canada,Alberta,t3k8b9,laiakoe@gmail.com,58767876,2017-10-21 17:20:12
157,Keel,Liae,78ave ,#67 Street,Canada,Alberta,t3k8b9,laiakoe@gmail.com,58767876,2017-10-21 17:21:34
158,White,Brow18,78ave ,#67 Street,Canada,Alberta,t3k8b9,bw98@gmail.com,58767876,2017-10-21 17:22:11
159,Keel,Liae,78ave ,#67 Street,Canada,Alberta,t3k8b9,laiakoe@gmail.com,58767876,2017-10-21 17:22:51
160,Keel,Liae,78ave ,#67 Street,Canada,Alberta,t3k8b9,laiakoe@gmail.com,58767876,2017-10-21 17:24:44
161,Keel,Liae,78ave ,#67 Street,Canada,Alberta,t3k8b9,laiakoe@gmail.com,58767876,2017-10-21 17:27:32
162,Kyrer,Nails,78ave ,#67 Street,Canada,Alberta,t3k8b9,nails.kyer@gmail.com,58767876,2017-10-21 17:34:47
163,Kyrer,Nails,78ave ,#67 Street,Canada,Alberta,t3k8b9,nails.kyer@gmail.com,58767876,2017-10-21 17:36:53
164,White,Brow18,78ave ,#67 Street,Canada,Alberta,t3k8b9,bw98@gmail.com,58767876,2017-10-21 17:38:42
165,Kyrer,Nails,78ave ,#67 Street,Canada,Alberta,t3k8b9,nails.kyer@gmail.com,58767876,2017-10-21 17:40:06
166,Srikanth,On-Demand,ECVictor ,"630 Sherbrooke St W #920, Montreal,",Canada,Quebec,H3A 1E4,srikanth@gmail.com,58767876,2017-10-23 08:59:35
167,Fdf,On-Demand,ECVictor ,"630 Sherbrooke St W #920, Montreal,",Canada,Quebec,H3A 1E4,srikanth@gma.con,58767876,2017-10-23 09:05:04
168,Fdf,On-Demand,ECVictor ,"630 Sherbrooke St W #920, Montreal,",Canada,Quebec,H3A 1E4,srikanth@gma.con,58767876,2017-10-23 09:24:30
169,Fdf,On-Demand,ECVictor ,"630 Sherbrooke St W #920, Montreal,",Canada,Quebec,H3A 1E4,srikanth@gma.con,58767876,2017-10-23 09:28:23
170,Fdf,On-Demand,ECVictor ,"630 Sherbrooke St W #920, Montreal,",Canada,Quebec,H3A 1E4,srikanth@gma.con,58767876,2017-10-23 17:47:26
171,L45,On-Demand,ECVictor ,"630 Sherbrooke St W #920, Montreal,",Canada,Quebec,H3A 1E4,srikanth@gma.con,58767876,2017-10-24 17:02:55
176,Fdf,On-Demand,ECVictor ,"630 Sherbrooke St W #920, Montreal,",Canada,Quebec,H3A 1E4,srikanth.748@gmail.com,58767876,2017-10-25 15:51:40
177,Srk,On-Demand,ECVictor ,"630 Sherbrooke St W #920, Montreal,",Canada,Quebec,H3A 1E4,srikanth.74@gmail.com,58767876,2017-10-25 15:56:12
178,Srk,On-Demand,ECVictor ,"630 Sherbrooke St W #920, Montreal,",Canada,Quebec,H3A 1E4,srikanth.748@gmail.com,58767876,2017-10-25 15:56:51
179,Srk,On-Demand,ECVictor ,"630 Sherbrooke St W #920, Montreal,",Canada,Quebec,H3A 1E4,srikanth.5@gmail.com,58767876,2017-10-25 15:57:43
182,Cristina,On-Demand,ECVictor ,"630 Sherbrooke St W #920, Montreal,",Canada,Quebec,H3A 1E4,cristina.rabasquinho@gmail.com,58767876,2017-10-26 11:06:35
183,Cristina,On-Demand,ECVictor ,"630 Sherbrooke St W #920, Montreal,",Canada,Quebec,H3A 1E4,cristina.rabasquinho@gmail.com,58767876,2017-10-26 11:18:58
184,Srk,On-Demand,ECVictor ,"630 Sherbrooke St W #920, Montreal,",Canada,Quebec,H3A 1E4,sril@gm.com,58767876,2017-10-26 11:42:13
185,Srk,On-Demand,ECVictor ,"630 Sherbrooke St W #920, Montreal,",Canada,Quebec,H3A 1E4,sri@gm.com,58767876,2017-10-26 11:58:16
186,Sddd,On-Demand,ECVictor ,"630 Sherbrooke St W #920, Montreal,",Canada,Quebec,H3A 1E4,srikanth@gma.con,58767876,2017-10-26 11:59:40
187,Assa,On-Demand,ECVictor ,"630 Sherbrooke St W #920, Montreal,",Canada,Quebec,H3A 1E4,srikanth.748@gmail.com,58767876,2017-10-26 12:04:38
188,Srk,On-Demand,ECVictor ,"630 Sherbrooke St W #920, Montreal,",Canada,Quebec,H3A 1E4,srk@gm.com,58767876,2017-10-26 12:23:48
189,Assa,On-Demand,ECVictor ,"630 Sherbrooke St W #920, Montreal,",Canada,Quebec,H3A 1E4,srikanth.748@gmail.com,58767876,2017-10-26 12:24:12
190,Fdf,On-Demand,ECVictor ,"630 Sherbrooke St W #920, Montreal,",Canada,Quebec,H3A 1E4,Srksri@gmail.com,58767876,2017-10-26 18:14:30
191,Sdsd,On-Demand,ECVictor ,"630 Sherbrooke St W #920, Montreal,",Canada,Quebec,H3A 1E4,Sriksri@Gmail.com,58767876,2017-10-26 18:15:26
192,Fdf,On-Demand,ECVictor ,"630 Sherbrooke St W #920, Montreal,",Canada,Quebec,H3A 1E4,srikanth.748@gmail.com,58767876,2017-10-26 18:22:58
193,Fdf,On-Demand,ECVictor ,"630 Sherbrooke St W #920, Montreal,",Canada,Quebec,H3A 1E4,Srikanth@gmail.com,58767876,2017-10-26 18:23:20
194,Fdf,On-Demand,ECVictor ,"630 Sherbrooke St W #920, Montreal,",Canada,Quebec,H3A 1E4,srikanth.748@gmail.com,58767876,2017-10-26 18:24:47
195,Srk,On-Demand,ECVictor ,"630 Sherbrooke St W #920, Montreal,",Canada,Quebec,H3A 1E4,Abcv@gmail.com,58767876,2017-10-27 12:19:30
196,Fdf,On-Demand,ECVictor ,"630 Sherbrooke St W #920, Montreal,",Canada,Quebec,H3A 1E4,srikanth@gma.con,58767876,2017-10-27 13:22:43
197,Srk,On-Demand,ECVictor ,"630 Sherbrooke St W #920, Montreal,",Canada,Quebec,H3A 1E4,srikanth@gma.con,58767876,2017-10-27 13:31:50
198,Fdf,On-Demand,ECVictor ,"630 Sherbrooke St W #920, Montreal,",Canada,Quebec,H3A 1E4,srikanth.748@gmail.com,58767876,2017-10-27 13:35:21
199,Fdf,On-Demand,ECVictor ,"630 Sherbrooke St W #920, Montreal,",Canada,Quebec,H3A 1E4,srikanth@gma.con,58767876,2017-10-27 13:36:28
200,Fdf,On-Demand,ECVictor ,"630 Sherbrooke St W #920, Montreal,",Canada,Quebec,H3A 1E4,srikanth.748@gmail.com,58767876,2017-10-27 13:38:43
201,L45,On-Demand,ECVictor ,"630 Sherbrooke St W #920, Montreal,",Canada,Quebec,H3A 1E4,srikanth@gma.con,58767876,2017-10-27 14:07:05
202,L45,On-Demand,ECVictor ,"630 Sherbrooke St W #920, Montreal,",Canada,Quebec,H3A 1E4,srikanth@gma.con,58767876,2017-10-27 14:07:48
203,Fdf,On-Demand,ECVictor ,"630 Sherbrooke St W #920, Montreal,",Canada,Quebec,H3A 1E4,srikanth@gma.con,58767876,2017-10-27 14:12:58
204,Fdf,On-Demand,ECVictor ,"630 Sherbrooke St W #920, Montreal,",Canada,Quebec,H3A 1E4,srikanth@gma.con,58767876,2017-10-27 14:13:31
205,Fdf,On-Demand,ECVictor ,"630 Sherbrooke St W #920, Montreal,",Canada,Quebec,H3A 1E4,srikanth@gma.con,58767876,2017-10-27 14:14:33
206,Fdf,On-Demand,ECVictor ,"630 Sherbrooke St W #920, Montreal,",Canada,Quebec,H3A 1E4,srikanth@gma.con,58767876,2017-10-27 14:20:44
207,Fdf,On-Demand,ECVictor ,"630 Sherbrooke St W #920, Montreal,",Canada,Quebec,H3A 1E4,srikanth@gma.con,58767876,2017-10-27 14:22:00
208,Fdf,On-Demand,ECVictor ,"630 Sherbrooke St W #920, Montreal,",Canada,Quebec,H3A 1E4,srikanth@gma.con,58767876,2017-10-27 14:22:29
209,Dsd,On-Demand,ECVictor ,"630 Sherbrooke St W #920, Montreal,",Canada,Quebec,H3A 1E4,srikanth@gma.con,58767876,2017-10-27 14:25:37
210,Xxzx,On-Demand,ECVictor ,"630 Sherbrooke St W #920, Montreal,",Canada,Quebec,H3A 1E4,srk@yah.com,58767876,2017-10-27 14:26:44
211,Assa,On-Demand,ECVictor ,"630 Sherbrooke St W #920, Montreal,",Canada,Quebec,H3A 1E4,srikanth.748@gmail.com,58767876,2017-10-27 14:27:39
212,L45,On-Demand,ECVictor ,"630 Sherbrooke St W #920, Montreal,",Canada,Quebec,H3A 1E4,srikanth@gma.con,58767876,2017-10-27 14:30:33
213,L45,On-Demand,ECVictor ,"630 Sherbrooke St W #920, Montreal,",Canada,Quebec,H3A 1E4,srikanth@gma.con,58767876,2017-10-27 15:10:50
214,Xfgg,On-Demand,ECVictor ,"630 Sherbrooke St W #920, Montreal,",Canada,Quebec,H3A 1E4,srk@yah.com,58767876,2017-10-27 15:11:30
215,Fdf,On-Demand,ECVictor ,"630 Sherbrooke St W #920, Montreal,",Canada,Quebec,H3A 1E4,srikanth@gma.con,58767876,2017-10-27 16:12:36
216,Fdf,On-Demand,ECVictor ,"630 Sherbrooke St W #920, Montreal,",Canada,Quebec,H3A 1E4,srikanth.748@gmail.com,58767876,2017-10-31 15:41:19
217,Srk,On-Demand,ECVictor ,"630 Sherbrooke St W #920, Montreal,",Canada,Quebec,H3A 1E4,srk@yahoo.com,58767876,2017-10-31 15:41:43
218,Srikanth,On-Demand,ECVictor ,"630 Sherbrooke St W #920, Montreal,",Canada,Quebec,H3A 1E4,srk@gma.com,58767876,2017-10-31 17:17:51
219,Srk,On-Demand,ECVictor ,"630 Sherbrooke St W #920, Montreal,",Canada,Quebec,H3A 1E4,Srikanth.748@gmail.com,58767876,2017-10-31 17:19:29
220,Srk,On-Demand,ECVictor ,"630 Sherbrooke St W #920, Montreal,",Canada,Quebec,H3A 1E4,Srk@gmail.com,58767876,2017-10-31 17:20:45
221,Fdf,On-Demand,ECVictor ,"630 Sherbrooke St W #920, Montreal,",Canada,Quebec,H3A 1E4,srikanth.748@gmail.com,58767876,2017-11-02 13:40:58
222,Fdf,On-Demand,ECVictor ,"630 Sherbrooke St W #920, Montreal,",Canada,Quebec,H3A 1E4,srikanth@gma.con,58767876,2017-11-03 11:47:44
223,L45,On-Demand,ECVictor ,"630 Sherbrooke St W #920, Montreal,",Canada,Quebec,H3A 1E4,srikanth@gma.con,58767876,2017-11-03 11:49:40
224,Fdf,On-Demand,ECVictor ,"630 Sherbrooke St W #920, Montreal,",Canada,Quebec,H3A 1E4,srikanth@gma.con,58767876,2017-11-03 11:51:13
225,Fdf,On-Demand,ECVictor ,"630 Sherbrooke St W #920, Montreal,",Canada,Quebec,H3A 1E4,srikanth@gma.con,58767876,2017-11-03 11:51:33
226,Fdf,On-Demand,ECVictor ,"630 Sherbrooke St W #920, Montreal,",Canada,Quebec,H3A 1E4,srikanth.748@gmail.com,58767876,2017-11-09 18:06:37
227,Sre,On-Demand,ECVictor ,"630 Sherbrooke St W #920, Montreal,",Canada,Quebec,H3A 1E4,srikanth.748@gmail.com,58767876,2017-11-10 09:30:46
228,L45,On-Demand,ECVictor ,"630 Sherbrooke St W #920, Montreal,",Canada,Quebec,H3A 1E4,srikanth.748@gmail.com,58767876,2017-11-10 09:57:22
229,Fdf,On-Demand,ECVictor ,"630 Sherbrooke St W #920, Montreal,",Canada,Quebec,H3A 1E4,srikanth.748@gmail.com,58767876,2017-11-10 09:59:14
230,Fdf,On-Demand,ECVictor ,"630 Sherbrooke St W #920, Montreal,",Canada,Quebec,H3A 1E4,srikanth.748@gmail.com,58767876,2017-11-10 10:28:15
231,Fdf,On-Demand,ECVictor ,"630 Sherbrooke St W #920, Montreal,",Canada,Quebec,H3A 1E4,srikanth.748@gmail.com,58767876,2017-11-10 10:48:29
232,Assa,On-Demand,ECVictor ,"630 Sherbrooke St W #920, Montreal,",Canada,Quebec,H3A 1E4,srikanth.748@gmail.com,58767876,2017-11-10 10:50:02
233,Assa,On-Demand,ECVictor ,"630 Sherbrooke St W #920, Montreal,",Canada,Quebec,H3A 1E4,srikanth.748@gmail.com,58767876,2017-11-10 10:50:17
234,Srk,On-Demand,ECVictor ,"630 Sherbrooke St W #920, Montreal,",Canada,Quebec,H3A 1E4,srk@gmail.com,58767876,2017-11-10 10:51:31
235,Himmmm9,On-Demand,ECVictor ,"630 Sherbrooke St W #920, Montreal,",Canada,Quebec,H3A 1E4,hhh@hhh.com,58767876,2017-11-10 10:54:17
236,Charles,On-Demand,ECVictor ,"630 Sherbrooke St W #920, Montreal,",Canada,Quebec,H3A 1E4,caotaotao@gmail.com,58767876,2017-11-10 11:15:57
237,Yan,On-Demand,ECVictor ,"630 Sherbrooke St W #920, Montreal,",Canada,Quebec,H3A 1E4,ruhuayan@gmail.com,58767876,2017-11-29 14:40:35
238,Yan,On-Demand,ECVictor ,"630 Sherbrooke St W #920, Montreal,",Canada,Quebec,H3A 1E4,ruhuayan@gmail.com,58767876,2017-11-29 15:17:23
239,Yan,On-Demand,ECVictor ,"630 Sherbrooke St W #920, Montreal,",Canada,Quebec,H3A 1E4,ruhuayan@gmail.com,58767876,2017-11-29 15:18:02
240,Yan,On-Demand,ECVictor ,"630 Sherbrooke St W #920, Montreal,",Canada,Quebec,H3A 1E4,ruhuayan@gmail.com,58767876,2017-11-29 15:40:20
241,Tomas Brynes,On-Demand,ECVictor ,"630 Sherbrooke St W #920, Montreal,",Canada,Quebec,H3A 1E4,tomas.brynes@intentivehealth.com,58767876,2017-11-29 16:43:23
242,Yan,On-Demand,ECVictor ,"630 Sherbrooke St W #920, Montreal,",Canada,Quebec,H3A 1E4,ruhuayan@gmail.com,58767876,2017-11-29 16:48:47
247,Ke,Li,78ave ,#67 Street,Canada,Alberta,t3k8b9,liko@gmail.com,58767876,2018-01-03 14:34:41
248,White,Brow18,78ave ,#67 Street,Canada,Alberta,t3k8b9,bw98@gmail.com,58767876,2018-01-03 14:56:03
249,White,Brow18,78ave ,#67 Street,Canada,Alberta,t3k8b9,bw98@gmail.com,58767876,2018-01-03 14:56:55
250,White,Brow18,78ave ,#67 Street,Canada,Alberta,t3k8b9,bw98@gmail.com,58767876,2018-01-03 15:03:56
251,Ke,Li,78ave ,,Canada,Alberta,t3k8b9,liko@gmail.com,,2018-01-05 16:47:51
252,Reese,Hong,78ave ,,Canada,Quebec,t3k8b9,reese@cms.ca,,2018-01-05 16:47:59
253,Reese,Hong,78ave ,,Canada,Alberta,t3k8b9,reese@cms.ca,,2018-01-05 16:49:14
255,Reese,Hong,78ave ,,Canada,Alberta,t3k8b9,reese@cms.ca,,2018-01-05 16:50:36
256,Reese,Hong,78ave ,,Canada,Alberta,t3k8b9,reese@cms.ca,,2018-01-05 16:51:00
257,Reese,Hong,78ave ,,Canada,Alberta,t3k8b9,reese@cms.ca,,2018-01-05 16:51:17
258,Reese,Hong,78ave ,,Canada,Alberta,t3k8b9,reese@cms.ca,,2018-01-05 16:54:41
259,Reese,Hong,78ave ,,Canada,Alberta,t3k8b9,reese@cms.ca,,2018-01-05 16:55:55
260,Reese,Hong,78ave ,,Canada,Alberta,t3k8b9,reese@cms.ca,,2018-01-05 17:01:34
267,Ke,Li,78ave ,,Canada,Alberta,t3k8b9,liko@gmail.com,,2018-01-11 10:20:41
268,Ke,Li,78ave ,,Canada,Alberta,t3k8b9,liko@gmail.com,,2018-01-11 10:56:47
271,Li,More,78ave ,,Canada,Alberta,t3k8b9,li.more@cms.com,,2018-01-11 11:04:35
276,Li,More,78ave ,,Canada,Alberta,t3k8b9,li.more@cms.com,,2018-01-11 11:38:35
296,Li,More,78ave ,,Canada,Alberta,t3k8b9,li.more@cms.com,,2018-01-15 11:06:07
297,Reese,Hong,78ave ,,Canada,Alberta,t3k8b9,reese@cms.ca,,2018-01-15 11:07:18
298,,, ,,Canada,Alberta,,,,2018-01-15 11:09:20
299,,, ,,Canada,Alberta,,,,2018-01-15 11:09:52
300,Li,More,78ave ,,Canada,Alberta,t3k8b9,li.more@cms.com,,2018-01-15 11:10:36
301,Li,More,78ave ,,Canada,Alberta,t3k8b9,li.more@cms.com,,2018-01-15 11:15:52
302,,, ,,Canada,Alberta,,,,2018-01-15 11:18:00
303,,, ,,Canada,Alberta,,,,2018-01-15 11:18:10
305,Li,More,78ave ,,Canada,Alberta,t3k8b9,li.more@cms.com,,2018-01-15 11:22:05
306,Li,More,78ave ,,Canada,Alberta,t3k8b9,li.more@cms.com,,2018-01-24 19:59:02
320,Li,More,78ave ,,Canada,Alberta,t3k8b9,li.more@cms.com,,2018-02-05 12:43:25
96,White,Brow18,78ave ,#67 Street,USA,Alabama,t3k8b9,bw98@gmail.com,58767876,2017-10-20 14:29:22
98,Adf,Sada,sas ,asdfsd,USA,Alabama,adfa,bw98@gma.co,asdasd,2017-10-20 14:30:12
99,Yyi,Yy,yy,,USA,Alaska,yyy,srikanth@gma.con,yy,2017-10-20 14:35:44
100,White,Brow18,78ave ,#67 Street,USA,Alabama,t3k8b9,bw98@gmail.com,58767876,2017-10-20 14:40:59
102,Adf,Sada,sas ,asdfsd,USA,Alabama,adfa,bw98@gma.co,asdasd,2017-10-20 15:00:35
104,White,Brow18,ECVictor ,"630 Sherbrooke St W #920, Montreal,",USA,Alabama,H3A 1E4,bw98@gmail.com,58767876,2017-10-20 15:02:39
105,White,Brow18,ECVictor ,"630 Sherbrooke St W #920, Montreal,",USA,Alabama,H3A 1E4,bw98@gmail.com,58767876,2017-10-20 15:08:26
106,Adf,Sada,sas ,asdfsd,USA,Alabama,adfa,bw98@gma.co,asdasd,2017-10-20 15:08:31
108,White,Brow18,ECVictor ,"630 Sherbrooke St W #920, Montreal,",USA,Alabama,H3A 1E4,bw98@gmail.com,58767876,2017-10-20 15:09:03
109,White,Brow18,ECVictor ,"630 Sherbrooke St W #920, Montreal,",USA,Alabama,H3A 1E4,bw98@gmail.com,58767876,2017-10-20 15:09:14
111,Fdf,Sdffg,ssssssssssssssss,,USA,Alabama,werwer,srikanth@gma.con,4387654343,2017-10-20 15:58:38
112,Fgfg,Sdffg,ssssssssssssssss,,USA,Alabama,dasfsd,srikanth@gma.con,4387654343,2017-10-20 16:01:34
113,Dsd,Dsd,dasd,d,USA,Alabama,dasfsd,srikanth@gma.con,4387654343,2017-10-20 16:11:17
114,Fdf,Dfsdf,ssssssssssssssss,,USA,Alabama,h3h5f6,srikanth.748@gmail.com,4387654343,2017-10-20 16:12:07
115,Fdf,Sdffg,ssssssssssssssss,,USA,Alabama,h3h5f6,srikanth@gma.con,4387654343,2017-10-20 16:21:32
116,Adf,Sada,sas ,asdfsd,USA,Alabama,adfa,bw98@gma.co,asdasd,2017-10-20 16:21:50
117,Fdf,Sdffg,ssssssssssssssss,,USA,Alabama,h3h5f6,srikanth@gma.con,4387654343,2017-10-20 16:24:59
118,Fdf,Sdffg,ssssssssssssssss,,USA,Alabama,h3h5f6,srikanth@gma.con,4387654343,2017-10-20 16:27:16
119,Fdf,Sdffg,ssssssssssssssss,,USA,Alabama,h3h5f6,srikanth@gma.con,4387654343,2017-10-20 16:28:17
120,Dfdf,Fff,ssssssssssssssss,,USA,Alabama,dasfsd,srikanth@gma.con,4387654343,2017-10-20 16:30:54
121,Fdf,Sdffg,ssssssssssssssss,,USA,Alabama,h3h5f6,srikanth@gma.con,4387654343,2017-10-20 16:33:49
122,AAAA,A,ssssssssssssssss,,USA,Alabama,dasfsd,srikanth@gma.con,4387654343,2017-10-20 16:35:10
172,Fdf,Sdffg,ssssssssssssssss,,USA,Alabama,dasfsd,srikanth@gma.con,2343434,2017-10-25 11:44:01
173,Fdf,Sdffg,ssssssssssssssss,,USA,Alabama,dasfsd,srikanth@gma.con,2343434,2017-10-25 11:49:27
174,White,Brow18,ECVictor ,"630 Sherbrooke St W #920, Montreal,",USA,Alabama,H3A 1E4,bw98@gmail.com,58767876,2017-10-25 12:00:39
175,Fdf,Sdffg,ssssssssssssssss,,USA,Alabama,dasfsd,srikanth@gma.con,2343434,2017-10-25 12:14:14
180,Srk,Sri,dfdf,,USA,Alabama,23234,srikanth.748@gmail.com,2323434324,2017-10-25 16:42:53
181,Cristina,Rabasquinho,4409 rue Becket,,USA,California,90209,caotaotao@gmail.com,5145758898,2017-10-26 11:03:34
243,Charles,Cao,"630 Rue Sherbrooke O, Montreal  Suite 230, QC H3A 1E4, Canada",,USA,Kentucky,H3a1e4,ccao@ecvictor.com,5145758898,2017-12-28 16:31:10
244,Fdf,Sdffg,erwer,yu,USA,Alabama,dasfsd,srikanth@gma.con,567565656,2017-12-28 17:20:15
245,Srikanth,K,montreal,,USA,Alabama,56565,srikanth.748@gmail.com,332563223,2017-12-28 17:49:54
246,Physician,Wee,dsdsd,,USA,Alabama,weew,physic@gmail.com,2323,2017-12-28 17:51:07
254,Reese,Hong,78ave ,,USA,New York,t3k8b9,reese@cms.ca,,2018-01-05 16:50:04
261,Dsa,Fsdf,aa,,USA,Arizona,23432,sdfsdf@sdfd.net,,2018-01-07 23:09:11
262,Dsa,Fsdf,aa,,USA,Arizona,23432,sdfsdf@sdfd.net,,2018-01-07 23:09:11
263,Dsa,Fsdf,aa,,USA,Arizona,23432,sdfsdf@sdfd.net,,2018-01-07 23:09:48
264,A,A,sdaf,,USA,Alaska,23432,sfdsf@sdf.com,,2018-01-07 23:12:20
265,A,Aa,b,,USA,Arizona,23434,dsf@sdfdsf.net,,2018-01-09 13:22:27
266,A,A,a,,USA,Arizona,23432,sdf@df.net,,2018-01-09 13:23:02
269,Aa,Aa,,,USA,Alaska,11111,abc@abc.com,,2018-01-11 11:03:25
270,Zzz,Ccc,,,USA,Alabama,11111,z@h.com,,2018-01-11 11:04:25
272,Test,Buddy,,,USA,District of Columbia,12345,test@test.com,,2018-01-11 11:13:47
273,Bb,B,b,,USA,Alaska,23432,b@dfdf.net,,2018-01-11 11:17:58
274,Q,Q,q,,USA,Arizona,32432,q@ggf.com,,2018-01-11 11:19:32
275,Ffffffff,Llllllllllll,aaaaaaaa,,USA,Alaska,33333,eeeeeeeeeee@eeee.com,,2018-01-11 11:23:14
277,F,A,f,,USA,Arizona,34324,dsf@sdf.net,,2018-01-11 12:11:19
278,F,A,f,,USA,Arizona,34324,dsf@sdf.net,,2018-01-11 12:11:30
279,F,A,f,,USA,Arizona,34324,dsf@sdf.net,,2018-01-11 12:12:54
280,F,A,f,,USA,Arizona,34324,dsf@sdf.net,,2018-01-11 12:13:17
281,F,Aerewr,f,,USA,Arizona,34324,dsf@sdf.net,,2018-01-11 12:14:30
282,F,Aerewr,f,,USA,Arizona,34324,dsf@sdf.net,,2018-01-11 12:17:37
283,F,L,a,,USA,Arizona,33333,ee@sdf.net,,2018-01-11 12:20:10
284,F,F,f,,USA,Alaska,32432,f@fd.net,,2018-01-11 12:29:52
285,F,F,f,,USA,Alaska,32432,f@fd.net,,2018-01-11 12:30:05
286,F,F,f,,USA,Alaska,32432,f@fd.net,,2018-01-11 12:30:52
287,F,F,f,,USA,Alaska,32432,f@fd.net,,2018-01-11 12:31:25
288,F,A,f,,USA,Alaska,23432,sdf@dsf.net,,2018-01-11 12:34:54
289,Aaa,Abc,,,USA,Alabama,12345,zc@gmail.com,,2018-01-11 12:39:26
290,F,A,a,,USA,Arkansas,23432,dsf2@dfd.net,,2018-01-11 12:41:43
291,F,L,a,,USA,Arizona,33333,ee@sdf.net,,2018-01-11 12:46:01
292,A,Sdfdsa,a,,USA,Alaska,32432,Ddsf@dfd.net,,2018-01-11 12:46:40
293,Aa,Aa,,,USA,Alabama,99999,abc@abc.com,,2018-01-11 12:55:43
294,C,Z,,,USA,Alabama,24831,zc@sina.com,,2018-01-11 12:58:57
295,Ff,Ff,ff,,USA,Alaska,23432,sdafds@sfdf.net,,2018-01-11 13:10:14
307,Sss,Sss,address,,USA,Arizona,55555,abc@abc.com,,2018-02-02 10:34:57
314,Chi,Zhang,5025 rue Paré,512,USA,Alabama,H4P 1P4,zcjswx@hotmail.com,5145821916,2018-02-05 12:16:04
315,Chi,Zhang,5025 rue Paré,512,USA,Alaska,H4P 1P4,zcjswx@hotmail.com,5145821916,2018-02-05 12:17:00
316,Chi,Zhang,5025 rue Paré,512,USA,Connecticut,H4P 1P4,zcjswx@hotmail.com,5145821916,2018-02-05 12:18:54
317,Saaa,Aa,dasdasd,,USA,Arizona,12345,sd@ss.com,,2018-02-05 12:32:38
318,Chi,Zhang,5025 rue Paré,512,USA,Alaska,H4P 1P4,zcjswx@hotmail.com,5145821916,2018-02-05 12:33:50
319,Aaasqwe,Asda,aasdasdsda,,USA,Arizona,11223,zcjswx@hotmail.com,,2018-02-05 12:34:25
